{"producto": "Laptop","cantidad": 2,"direccion": "casa 123"}
{"producto": "Manzana","cantidad": 2,"direccion": "casa 134"}
{"producto": "Laptop","cantidad": 23,"direccion": "casa 134"}
{"producto": "Laptop","cantidad": 4,"direccion": "ascasa 134asdfa"}
{"producto": "Laptop","cantidad": 5,"direccion": "casa 134"}
{"producto": "Laptop","cantidad": 20,"direccion": "casa 134"}
{"producto": "Laptop","cantidad": 21,"direccion": "casa 134"}
{"producto": "Laptop","cantidad": 222,"direccion": "casa 134"}
{"producto": "Laptop","cantidad": 2,"direccion": "casa 123"}
{"producto": "Manzana","cantidad": 2,"direccion": "casa 134"}
{"producto": "Laptop","cantidad": 23,"direccion": "casa 134"}
{"producto": "Laptop","cantidad": 4,"direccion": "ascasa 134asdfa"}
{"producto": "Laptop","cantidad": 5,"direccion": "casa 134"}
{"producto": "Laptop","cantidad": 20,"direccion": "casa 134"}
{"producto": "Laptop","cantidad": 21,"direccion": "casa 134"}
{"producto": "Laptop","cantidad": 222,"direccion": "casa 134"}
{"producto": "Laptop","cantidad": 2,"direccion": "casa 123"}
{"producto": "Manzana","cantidad": 2,"direccion": "casa 134"}
{"producto": "Laptop","cantidad": 23,"direccion": "casa 134"}
{"producto": "Laptop","cantidad": 4,"direccion": "ascasa 134asdfa"}
{"producto": "Laptop","cantidad": 5,"direccion": "casa 134"}
{"producto": "Laptop","cantidad": 20,"direccion": "casa 134"}
{"producto": "Laptop","cantidad": 21,"direccion": "casa 134"}
{"producto": "Laptop","cantidad": 222,"direccion": "casa 134"}
{"producto": "Laptop","cantidad": 2,"direccion": "casa 123"}
{"producto": "Manzana","cantidad": 2,"direccion": "casa 134"}
{"producto": "Laptop","cantidad": 23,"direccion": "casa 134"}
{"producto": "Laptop","cantidad": 4,"direccion": "ascasa 134asdfa"}
{"producto": "Laptop","cantidad": 5,"direccion": "casa 134"}
{"producto": "Laptop","cantidad": 20,"direccion": "casa 134"}
{"producto": "Laptop","cantidad": 21,"direccion": "casa 134"}
{"producto": "Laptop","cantidad": 222,"direccion": "casa 134"}
{"producto": "Laptop","cantidad": 2,"direccion": "casa 123"}
{"producto": "Manzana","cantidad": 2,"direccion": "casa 134"}
{"producto": "Laptop","cantidad": 23,"direccion": "casa 134"}
{"producto": "Laptop","cantidad": 4,"direccion": "ascasa 134asdfa"}
{"producto": "Laptop","cantidad": 5,"direccion": "casa 134"}
{"producto": "Laptop","cantidad": 20,"direccion": "casa 134"}
{"producto": "Laptop","cantidad": 21,"direccion": "casa 134"}
{"producto": "Laptop","cantidad": 222,"direccion": "casa 134"}
{"producto": "Laptop","cantidad": 2,"direccion": "casa 123"}
{"producto": "Manzana","cantidad": 2,"direccion": "casa 134"}
{"producto": "Laptop","cantidad": 23,"direccion": "casa 134"}
{"producto": "Laptop","cantidad": 4,"direccion": "ascasa 134asdfa"}
{"producto": "Laptop","cantidad": 5,"direccion": "casa 134"}
{"producto": "Laptop","cantidad": 20,"direccion": "casa 134"}
{"producto": "Laptop","cantidad": 21,"direccion": "casa 134"}
{"producto": "Laptop","cantidad": 222,"direccion": "casa 134"}
{"producto": "Laptop","cantidad": 2,"direccion": "casa 123"}
{"producto": "Manzana","cantidad": 2,"direccion": "casa 134"}
{"producto": "Laptop","cantidad": 23,"direccion": "casa 134"}
{"producto": "Laptop","cantidad": 4,"direccion": "ascasa 134asdfa"}
{"producto": "Laptop","cantidad": 5,"direccion": "casa 134"}
{"producto": "Laptop","cantidad": 20,"direccion": "casa 134"}
{"producto": "Laptop","cantidad": 21,"direccion": "casa 134"}
{"producto": "Laptop","cantidad": 222,"direccion": "casa 134"}
{"producto": "Laptop","cantidad": 2,"direccion": "casa 123"}
{"producto": "Manzana","cantidad": 2,"direccion": "casa 134"}
{"producto": "Laptop","cantidad": 23,"direccion": "casa 134"}
{"producto": "Laptop","cantidad": 4,"direccion": "ascasa 134asdfa"}
{"producto": "Laptop","cantidad": 5,"direccion": "casa 134"}
{"producto": "Laptop","cantidad": 20,"direccion": "casa 134"}
{"producto": "Laptop","cantidad": 21,"direccion": "casa 134"}
{"producto": "Laptop","cantidad": 222,"direccion": "casa 134"}
{"producto": "Laptop","cantidad": 2,"direccion": "casa 123"}
{"producto": "Manzana","cantidad": 2,"direccion": "casa 134"}
{"producto": "Laptop","cantidad": 23,"direccion": "casa 134"}
{"producto": "Laptop","cantidad": 4,"direccion": "ascasa 134asdfa"}
{"producto": "Laptop","cantidad": 5,"direccion": "casa 134"}
{"producto": "Laptop","cantidad": 20,"direccion": "casa 134"}
{"producto": "Laptop","cantidad": 21,"direccion": "casa 134"}
{"producto": "Laptop","cantidad": 222,"direccion": "casa 134"}
{"producto": "Laptop","cantidad": 2,"direccion": "casa 123"}
{"producto": "Manzana","cantidad": 2,"direccion": "casa 134"}
{"producto": "Laptop","cantidad": 23,"direccion": "casa 134"}
{"producto": "Laptop","cantidad": 4,"direccion": "ascasa 134asdfa"}
{"producto": "Laptop","cantidad": 5,"direccion": "casa 134"}
{"producto": "Laptop","cantidad": 20,"direccion": "casa 134"}
{"producto": "Laptop","cantidad": 21,"direccion": "casa 134"}
{"producto": "Laptop","cantidad": 222,"direccion": "casa 134"}
{"producto": "Laptop","cantidad": 2,"direccion": "casa 123"}
{"producto": "Manzana","cantidad": 2,"direccion": "casa 134"}
{"producto": "Laptop","cantidad": 23,"direccion": "casa 134"}
{"producto": "Laptop","cantidad": 4,"direccion": "ascasa 134asdfa"}
{"producto": "Laptop","cantidad": 5,"direccion": "casa 134"}
{"producto": "Laptop","cantidad": 20,"direccion": "casa 134"}
{"producto": "Laptop","cantidad": 21,"direccion": "casa 134"}
{"producto": "Laptop","cantidad": 222,"direccion": "casa 134"}
{"producto": "Laptop","cantidad": 2,"direccion": "casa 123"}
{"producto": "Manzana","cantidad": 2,"direccion": "casa 134"}
{"producto": "Laptop","cantidad": 23,"direccion": "casa 134"}
{"producto": "Laptop","cantidad": 4,"direccion": "ascasa 134asdfa"}
{"producto": "Laptop","cantidad": 5,"direccion": "casa 134"}
{"producto": "Laptop","cantidad": 20,"direccion": "casa 134"}
{"producto": "Laptop","cantidad": 21,"direccion": "casa 134"}
{"producto": "Laptop","cantidad": 222,"direccion": "casa 134"}
{"producto": "Laptop","cantidad": 2,"direccion": "casa 123"}
{"producto": "Manzana","cantidad": 2,"direccion": "casa 134"}
{"producto": "Laptop","cantidad": 23,"direccion": "casa 134"}
{"producto": "Laptop","cantidad": 4,"direccion": "ascasa 134asdfa"}
{"producto": "Laptop","cantidad": 5,"direccion": "casa 134"}
{"producto": "Laptop","cantidad": 20,"direccion": "casa 134"}
{"producto": "Laptop","cantidad": 21,"direccion": "casa 134"}
{"producto": "Laptop","cantidad": 222,"direccion": "casa 134"}
{"producto": "Laptop","cantidad": 2,"direccion": "casa 123"}
{"producto": "Manzana","cantidad": 2,"direccion": "casa 134"}
{"producto": "Laptop","cantidad": 23,"direccion": "casa 134"}
{"producto": "Laptop","cantidad": 4,"direccion": "ascasa 134asdfa"}
{"producto": "Laptop","cantidad": 5,"direccion": "casa 134"}
{"producto": "Laptop","cantidad": 20,"direccion": "casa 134"}
{"producto": "Laptop","cantidad": 21,"direccion": "casa 134"}
{"producto": "Laptop","cantidad": 222,"direccion": "casa 134"}
{"producto": "Laptop","cantidad": 2,"direccion": "casa 123"}
{"producto": "Manzana","cantidad": 2,"direccion": "casa 134"}
{"producto": "Laptop","cantidad": 23,"direccion": "casa 134"}
{"producto": "Laptop","cantidad": 4,"direccion": "ascasa 134asdfa"}
{"producto": "Laptop","cantidad": 5,"direccion": "casa 134"}
{"producto": "Laptop","cantidad": 20,"direccion": "casa 134"}
{"producto": "Laptop","cantidad": 21,"direccion": "casa 134"}
{"producto": "Laptop","cantidad": 222,"direccion": "casa 134"}
{"producto": "Laptop","cantidad": 2,"direccion": "casa 123"}
{"producto": "Manzana","cantidad": 2,"direccion": "casa 134"}
{"producto": "Laptop","cantidad": 23,"direccion": "casa 134"}
{"producto": "Laptop","cantidad": 4,"direccion": "ascasa 134asdfa"}
{"producto": "Laptop","cantidad": 5,"direccion": "casa 134"}
{"producto": "Laptop","cantidad": 20,"direccion": "casa 134"}
{"producto": "Laptop","cantidad": 21,"direccion": "casa 134"}
{"producto": "Laptop","cantidad": 222,"direccion": "casa 134"}
{"producto": "Laptop","cantidad": 2,"direccion": "casa 123"}
{"producto": "Manzana","cantidad": 2,"direccion": "casa 134"}
{"producto": "Laptop","cantidad": 23,"direccion": "casa 134"}
{"producto": "Laptop","cantidad": 4,"direccion": "ascasa 134asdfa"}
{"producto": "Laptop","cantidad": 5,"direccion": "casa 134"}
{"producto": "Laptop","cantidad": 20,"direccion": "casa 134"}
{"producto": "Laptop","cantidad": 21,"direccion": "casa 134"}
{"producto": "Laptop","cantidad": 222,"direccion": "casa 134"}
{"producto": "Laptop","cantidad": 2,"direccion": "casa 123"}
{"producto": "Manzana","cantidad": 2,"direccion": "casa 134"}
{"producto": "Laptop","cantidad": 23,"direccion": "casa 134"}
{"producto": "Laptop","cantidad": 4,"direccion": "ascasa 134asdfa"}
{"producto": "Laptop","cantidad": 5,"direccion": "casa 134"}
{"producto": "Laptop","cantidad": 20,"direccion": "casa 134"}
{"producto": "Laptop","cantidad": 21,"direccion": "casa 134"}
{"producto": "Laptop","cantidad": 222,"direccion": "casa 134"}
{"producto": "Laptop","cantidad": 2,"direccion": "casa 123"}
{"producto": "Manzana","cantidad": 2,"direccion": "casa 134"}
{"producto": "Laptop","cantidad": 23,"direccion": "casa 134"}
{"producto": "Laptop","cantidad": 4,"direccion": "ascasa 134asdfa"}
{"producto": "Laptop","cantidad": 5,"direccion": "casa 134"}
{"producto": "Laptop","cantidad": 20,"direccion": "casa 134"}
{"producto": "Laptop","cantidad": 21,"direccion": "casa 134"}
{"producto": "Laptop","cantidad": 222,"direccion": "casa 134"}
{"producto": "Laptop","cantidad": 2,"direccion": "casa 123"}
{"producto": "Manzana","cantidad": 2,"direccion": "casa 134"}
{"producto": "Laptop","cantidad": 23,"direccion": "casa 134"}
{"producto": "Laptop","cantidad": 4,"direccion": "ascasa 134asdfa"}
{"producto": "Laptop","cantidad": 5,"direccion": "casa 134"}
{"producto": "Laptop","cantidad": 20,"direccion": "casa 134"}
{"producto": "Laptop","cantidad": 21,"direccion": "casa 134"}
{"producto": "Laptop","cantidad": 222,"direccion": "casa 134"}
{"producto": "Laptop","cantidad": 2,"direccion": "casa 123"}
{"producto": "Manzana","cantidad": 2,"direccion": "casa 134"}
{"producto": "Laptop","cantidad": 23,"direccion": "casa 134"}
{"producto": "Laptop","cantidad": 4,"direccion": "ascasa 134asdfa"}
{"producto": "Laptop","cantidad": 5,"direccion": "casa 134"}
{"producto": "Laptop","cantidad": 20,"direccion": "casa 134"}
{"producto": "Laptop","cantidad": 21,"direccion": "casa 134"}
{"producto": "Laptop","cantidad": 222,"direccion": "casa 134"}
{"producto": "Laptop","cantidad": 2,"direccion": "casa 123"}
{"producto": "Manzana","cantidad": 2,"direccion": "casa 134"}
{"producto": "Laptop","cantidad": 23,"direccion": "casa 134"}
{"producto": "Laptop","cantidad": 4,"direccion": "ascasa 134asdfa"}
{"producto": "Laptop","cantidad": 5,"direccion": "casa 134"}
{"producto": "Laptop","cantidad": 20,"direccion": "casa 134"}
{"producto": "Laptop","cantidad": 21,"direccion": "casa 134"}
{"producto": "Laptop","cantidad": 222,"direccion": "casa 134"}
{"producto": "Laptop","cantidad": 2,"direccion": "casa 123"}
{"producto": "Manzana","cantidad": 2,"direccion": "casa 134"}
{"producto": "Laptop","cantidad": 23,"direccion": "casa 134"}
{"producto": "Laptop","cantidad": 4,"direccion": "ascasa 134asdfa"}
{"producto": "Laptop","cantidad": 5,"direccion": "casa 134"}
{"producto": "Laptop","cantidad": 20,"direccion": "casa 134"}
{"producto": "Laptop","cantidad": 21,"direccion": "casa 134"}
{"producto": "Laptop","cantidad": 222,"direccion": "casa 134"}
{"producto": "Laptop","cantidad": 2,"direccion": "casa 123"}
{"producto": "Manzana","cantidad": 2,"direccion": "casa 134"}
{"producto": "Laptop","cantidad": 23,"direccion": "casa 134"}
{"producto": "Laptop","cantidad": 4,"direccion": "ascasa 134asdfa"}
{"producto": "Laptop","cantidad": 5,"direccion": "casa 134"}
{"producto": "Laptop","cantidad": 20,"direccion": "casa 134"}
{"producto": "Laptop","cantidad": 21,"direccion": "casa 134"}
{"producto": "Laptop","cantidad": 222,"direccion": "casa 134"}
{"producto": "Laptop","cantidad": 2,"direccion": "casa 123"}
{"producto": "Manzana","cantidad": 2,"direccion": "casa 134"}
{"producto": "Laptop","cantidad": 23,"direccion": "casa 134"}
{"producto": "Laptop","cantidad": 4,"direccion": "ascasa 134asdfa"}
{"producto": "Laptop","cantidad": 5,"direccion": "casa 134"}
{"producto": "Laptop","cantidad": 20,"direccion": "casa 134"}
{"producto": "Laptop","cantidad": 21,"direccion": "casa 134"}
{"producto": "Laptop","cantidad": 222,"direccion": "casa 134"}
{"producto": "Laptop","cantidad": 2,"direccion": "casa 123"}
{"producto": "Manzana","cantidad": 2,"direccion": "casa 134"}
{"producto": "Laptop","cantidad": 23,"direccion": "casa 134"}
{"producto": "Laptop","cantidad": 4,"direccion": "ascasa 134asdfa"}
{"producto": "Laptop","cantidad": 5,"direccion": "casa 134"}
{"producto": "Laptop","cantidad": 20,"direccion": "casa 134"}
{"producto": "Laptop","cantidad": 21,"direccion": "casa 134"}
{"producto": "Laptop","cantidad": 222,"direccion": "casa 134"}
{"producto": "Laptop","cantidad": 2,"direccion": "casa 123"}
{"producto": "Manzana","cantidad": 2,"direccion": "casa 134"}
{"producto": "Laptop","cantidad": 23,"direccion": "casa 134"}
{"producto": "Laptop","cantidad": 4,"direccion": "ascasa 134asdfa"}
{"producto": "Laptop","cantidad": 5,"direccion": "casa 134"}
{"producto": "Laptop","cantidad": 20,"direccion": "casa 134"}
{"producto": "Laptop","cantidad": 21,"direccion": "casa 134"}
{"producto": "Laptop","cantidad": 222,"direccion": "casa 134"}
{"producto": "Laptop","cantidad": 2,"direccion": "casa 123"}
{"producto": "Manzana","cantidad": 2,"direccion": "casa 134"}
{"producto": "Laptop","cantidad": 23,"direccion": "casa 134"}
{"producto": "Laptop","cantidad": 4,"direccion": "ascasa 134asdfa"}
{"producto": "Laptop","cantidad": 5,"direccion": "casa 134"}
{"producto": "Laptop","cantidad": 20,"direccion": "casa 134"}
{"producto": "Laptop","cantidad": 21,"direccion": "casa 134"}
{"producto": "Laptop","cantidad": 222,"direccion": "casa 134"}
{"producto": "Laptop","cantidad": 2,"direccion": "casa 123"}
{"producto": "Manzana","cantidad": 2,"direccion": "casa 134"}
{"producto": "Laptop","cantidad": 23,"direccion": "casa 134"}
{"producto": "Laptop","cantidad": 4,"direccion": "ascasa 134asdfa"}
{"producto": "Laptop","cantidad": 5,"direccion": "casa 134"}
{"producto": "Laptop","cantidad": 20,"direccion": "casa 134"}
{"producto": "Laptop","cantidad": 21,"direccion": "casa 134"}
{"producto": "Laptop","cantidad": 222,"direccion": "casa 134"}
{"producto": "Laptop","cantidad": 2,"direccion": "casa 123"}
{"producto": "Manzana","cantidad": 2,"direccion": "casa 134"}
{"producto": "Laptop","cantidad": 23,"direccion": "casa 134"}
{"producto": "Laptop","cantidad": 4,"direccion": "ascasa 134asdfa"}
{"producto": "Laptop","cantidad": 5,"direccion": "casa 134"}
{"producto": "Laptop","cantidad": 20,"direccion": "casa 134"}
{"producto": "Laptop","cantidad": 21,"direccion": "casa 134"}
{"producto": "Laptop","cantidad": 222,"direccion": "casa 134"}
{"producto": "Laptop","cantidad": 2,"direccion": "casa 123"}
{"producto": "Manzana","cantidad": 2,"direccion": "casa 134"}
{"producto": "Laptop","cantidad": 23,"direccion": "casa 134"}
{"producto": "Laptop","cantidad": 4,"direccion": "ascasa 134asdfa"}
{"producto": "Laptop","cantidad": 5,"direccion": "casa 134"}
{"producto": "Laptop","cantidad": 20,"direccion": "casa 134"}
{"producto": "Laptop","cantidad": 21,"direccion": "casa 134"}
{"producto": "Laptop","cantidad": 222,"direccion": "casa 134"}
{"producto": "Laptop","cantidad": 2,"direccion": "casa 123"}
{"producto": "Manzana","cantidad": 2,"direccion": "casa 134"}
{"producto": "Laptop","cantidad": 23,"direccion": "casa 134"}
{"producto": "Laptop","cantidad": 4,"direccion": "ascasa 134asdfa"}
{"producto": "Laptop","cantidad": 5,"direccion": "casa 134"}
{"producto": "Laptop","cantidad": 20,"direccion": "casa 134"}
{"producto": "Laptop","cantidad": 21,"direccion": "casa 134"}
{"producto": "Laptop","cantidad": 222,"direccion": "casa 134"}
{"producto": "Laptop","cantidad": 2,"direccion": "casa 123"}
{"producto": "Manzana","cantidad": 2,"direccion": "casa 134"}
{"producto": "Laptop","cantidad": 23,"direccion": "casa 134"}
{"producto": "Laptop","cantidad": 4,"direccion": "ascasa 134asdfa"}
{"producto": "Laptop","cantidad": 5,"direccion": "casa 134"}
{"producto": "Laptop","cantidad": 20,"direccion": "casa 134"}
{"producto": "Laptop","cantidad": 21,"direccion": "casa 134"}
{"producto": "Laptop","cantidad": 222,"direccion": "casa 134"}
{"producto": "Laptop","cantidad": 2,"direccion": "casa 123"}
{"producto": "Manzana","cantidad": 2,"direccion": "casa 134"}
{"producto": "Laptop","cantidad": 23,"direccion": "casa 134"}
{"producto": "Laptop","cantidad": 4,"direccion": "ascasa 134asdfa"}
{"producto": "Laptop","cantidad": 5,"direccion": "casa 134"}
{"producto": "Laptop","cantidad": 20,"direccion": "casa 134"}
{"producto": "Laptop","cantidad": 21,"direccion": "casa 134"}
{"producto": "Laptop","cantidad": 222,"direccion": "casa 134"}
{"producto": "Laptop","cantidad": 2,"direccion": "casa 123"}
{"producto": "Manzana","cantidad": 2,"direccion": "casa 134"}
{"producto": "Laptop","cantidad": 23,"direccion": "casa 134"}
{"producto": "Laptop","cantidad": 4,"direccion": "ascasa 134asdfa"}
{"producto": "Laptop","cantidad": 5,"direccion": "casa 134"}
{"producto": "Laptop","cantidad": 20,"direccion": "casa 134"}
{"producto": "Laptop","cantidad": 21,"direccion": "casa 134"}
{"producto": "Laptop","cantidad": 222,"direccion": "casa 134"}
{"producto": "Laptop","cantidad": 2,"direccion": "casa 123"}
{"producto": "Manzana","cantidad": 2,"direccion": "casa 134"}
{"producto": "Laptop","cantidad": 23,"direccion": "casa 134"}
{"producto": "Laptop","cantidad": 4,"direccion": "ascasa 134asdfa"}
{"producto": "Laptop","cantidad": 5,"direccion": "casa 134"}
{"producto": "Laptop","cantidad": 20,"direccion": "casa 134"}
{"producto": "Laptop","cantidad": 21,"direccion": "casa 134"}
{"producto": "Laptop","cantidad": 222,"direccion": "casa 134"}
{"producto": "Laptop","cantidad": 2,"direccion": "casa 123"}
{"producto": "Manzana","cantidad": 2,"direccion": "casa 134"}
{"producto": "Laptop","cantidad": 23,"direccion": "casa 134"}
{"producto": "Laptop","cantidad": 4,"direccion": "ascasa 134asdfa"}
{"producto": "Laptop","cantidad": 5,"direccion": "casa 134"}
{"producto": "Laptop","cantidad": 20,"direccion": "casa 134"}
{"producto": "Laptop","cantidad": 21,"direccion": "casa 134"}
{"producto": "Laptop","cantidad": 222,"direccion": "casa 134"}
{"producto": "Laptop","cantidad": 2,"direccion": "casa 123"}
{"producto": "Manzana","cantidad": 2,"direccion": "casa 134"}
{"producto": "Laptop","cantidad": 23,"direccion": "casa 134"}
{"producto": "Laptop","cantidad": 4,"direccion": "ascasa 134asdfa"}
{"producto": "Laptop","cantidad": 5,"direccion": "casa 134"}
{"producto": "Laptop","cantidad": 20,"direccion": "casa 134"}
{"producto": "Laptop","cantidad": 21,"direccion": "casa 134"}
{"producto": "Laptop","cantidad": 222,"direccion": "casa 134"}
{"producto": "Laptop","cantidad": 2,"direccion": "casa 123"}
{"producto": "Manzana","cantidad": 2,"direccion": "casa 134"}
{"producto": "Laptop","cantidad": 23,"direccion": "casa 134"}
{"producto": "Laptop","cantidad": 4,"direccion": "ascasa 134asdfa"}
{"producto": "Laptop","cantidad": 5,"direccion": "casa 134"}
{"producto": "Laptop","cantidad": 20,"direccion": "casa 134"}
{"producto": "Laptop","cantidad": 21,"direccion": "casa 134"}
{"producto": "Laptop","cantidad": 222,"direccion": "casa 134"}
{"producto": "Laptop","cantidad": 2,"direccion": "casa 123"}
{"producto": "Manzana","cantidad": 2,"direccion": "casa 134"}
{"producto": "Laptop","cantidad": 23,"direccion": "casa 134"}
{"producto": "Laptop","cantidad": 4,"direccion": "ascasa 134asdfa"}
{"producto": "Laptop","cantidad": 5,"direccion": "casa 134"}
{"producto": "Laptop","cantidad": 20,"direccion": "casa 134"}
{"producto": "Laptop","cantidad": 21,"direccion": "casa 134"}
{"producto": "Laptop","cantidad": 222,"direccion": "casa 134"}
{"producto": "Laptop","cantidad": 2,"direccion": "casa 123"}
{"producto": "Manzana","cantidad": 2,"direccion": "casa 134"}
{"producto": "Laptop","cantidad": 23,"direccion": "casa 134"}
{"producto": "Laptop","cantidad": 4,"direccion": "ascasa 134asdfa"}
{"producto": "Laptop","cantidad": 5,"direccion": "casa 134"}
{"producto": "Laptop","cantidad": 20,"direccion": "casa 134"}
{"producto": "Laptop","cantidad": 21,"direccion": "casa 134"}
{"producto": "Laptop","cantidad": 222,"direccion": "casa 134"}
{"producto": "Laptop","cantidad": 2,"direccion": "casa 123"}
{"producto": "Manzana","cantidad": 2,"direccion": "casa 134"}
{"producto": "Laptop","cantidad": 23,"direccion": "casa 134"}
{"producto": "Laptop","cantidad": 4,"direccion": "ascasa 134asdfa"}
{"producto": "Laptop","cantidad": 5,"direccion": "casa 134"}
{"producto": "Laptop","cantidad": 20,"direccion": "casa 134"}
{"producto": "Laptop","cantidad": 21,"direccion": "casa 134"}
{"producto": "Laptop","cantidad": 222,"direccion": "casa 134"}
{"producto": "Laptop","cantidad": 2,"direccion": "casa 123"}
{"producto": "Manzana","cantidad": 2,"direccion": "casa 134"}
{"producto": "Laptop","cantidad": 23,"direccion": "casa 134"}
{"producto": "Laptop","cantidad": 4,"direccion": "ascasa 134asdfa"}
{"producto": "Laptop","cantidad": 5,"direccion": "casa 134"}
{"producto": "Laptop","cantidad": 20,"direccion": "casa 134"}
{"producto": "Laptop","cantidad": 21,"direccion": "casa 134"}
{"producto": "Laptop","cantidad": 222,"direccion": "casa 134"}
{"producto": "Laptop","cantidad": 2,"direccion": "casa 123"}
{"producto": "Manzana","cantidad": 2,"direccion": "casa 134"}
{"producto": "Laptop","cantidad": 23,"direccion": "casa 134"}
{"producto": "Laptop","cantidad": 4,"direccion": "ascasa 134asdfa"}
{"producto": "Laptop","cantidad": 5,"direccion": "casa 134"}
{"producto": "Laptop","cantidad": 20,"direccion": "casa 134"}
{"producto": "Laptop","cantidad": 21,"direccion": "casa 134"}
{"producto": "Laptop","cantidad": 222,"direccion": "casa 134"}
{"producto": "Laptop","cantidad": 2,"direccion": "casa 123"}
{"producto": "Manzana","cantidad": 2,"direccion": "casa 134"}
{"producto": "Laptop","cantidad": 23,"direccion": "casa 134"}
{"producto": "Laptop","cantidad": 4,"direccion": "ascasa 134asdfa"}
{"producto": "Laptop","cantidad": 5,"direccion": "casa 134"}
{"producto": "Laptop","cantidad": 20,"direccion": "casa 134"}
{"producto": "Laptop","cantidad": 21,"direccion": "casa 134"}
{"producto": "Laptop","cantidad": 222,"direccion": "casa 134"}
{"producto": "Laptop","cantidad": 2,"direccion": "casa 123"}
{"producto": "Manzana","cantidad": 2,"direccion": "casa 134"}
{"producto": "Laptop","cantidad": 23,"direccion": "casa 134"}
{"producto": "Laptop","cantidad": 4,"direccion": "ascasa 134asdfa"}
{"producto": "Laptop","cantidad": 5,"direccion": "casa 134"}
{"producto": "Laptop","cantidad": 20,"direccion": "casa 134"}
{"producto": "Laptop","cantidad": 21,"direccion": "casa 134"}
{"producto": "Laptop","cantidad": 222,"direccion": "casa 134"}
{"producto": "Laptop","cantidad": 2,"direccion": "casa 123"}
{"producto": "Manzana","cantidad": 2,"direccion": "casa 134"}
{"producto": "Laptop","cantidad": 23,"direccion": "casa 134"}
{"producto": "Laptop","cantidad": 4,"direccion": "ascasa 134asdfa"}
{"producto": "Laptop","cantidad": 5,"direccion": "casa 134"}
{"producto": "Laptop","cantidad": 20,"direccion": "casa 134"}
{"producto": "Laptop","cantidad": 21,"direccion": "casa 134"}
{"producto": "Laptop","cantidad": 222,"direccion": "casa 134"}
{"producto": "Laptop","cantidad": 2,"direccion": "casa 123"}
{"producto": "Manzana","cantidad": 2,"direccion": "casa 134"}
{"producto": "Laptop","cantidad": 23,"direccion": "casa 134"}
{"producto": "Laptop","cantidad": 4,"direccion": "ascasa 134asdfa"}
{"producto": "Laptop","cantidad": 5,"direccion": "casa 134"}
{"producto": "Laptop","cantidad": 20,"direccion": "casa 134"}
{"producto": "Laptop","cantidad": 21,"direccion": "casa 134"}
{"producto": "Laptop","cantidad": 222,"direccion": "casa 134"}
{"producto": "Laptop","cantidad": 2,"direccion": "casa 123"}
{"producto": "Manzana","cantidad": 2,"direccion": "casa 134"}
{"producto": "Laptop","cantidad": 23,"direccion": "casa 134"}
{"producto": "Laptop","cantidad": 4,"direccion": "ascasa 134asdfa"}
{"producto": "Laptop","cantidad": 5,"direccion": "casa 134"}
{"producto": "Laptop","cantidad": 20,"direccion": "casa 134"}
{"producto": "Laptop","cantidad": 21,"direccion": "casa 134"}
{"producto": "Laptop","cantidad": 222,"direccion": "casa 134"}
{"producto": "Laptop","cantidad": 2,"direccion": "casa 123"}
{"producto": "Manzana","cantidad": 2,"direccion": "casa 134"}
{"producto": "Laptop","cantidad": 23,"direccion": "casa 134"}
{"producto": "Laptop","cantidad": 4,"direccion": "ascasa 134asdfa"}
{"producto": "Laptop","cantidad": 5,"direccion": "casa 134"}
{"producto": "Laptop","cantidad": 20,"direccion": "casa 134"}
{"producto": "Laptop","cantidad": 21,"direccion": "casa 134"}
{"producto": "Laptop","cantidad": 222,"direccion": "casa 134"}
{"producto": "Laptop","cantidad": 2,"direccion": "casa 123"}
{"producto": "Manzana","cantidad": 2,"direccion": "casa 134"}
{"producto": "Laptop","cantidad": 23,"direccion": "casa 134"}
{"producto": "Laptop","cantidad": 4,"direccion": "ascasa 134asdfa"}
{"producto": "Laptop","cantidad": 5,"direccion": "casa 134"}
{"producto": "Laptop","cantidad": 20,"direccion": "casa 134"}
{"producto": "Laptop","cantidad": 21,"direccion": "casa 134"}
{"producto": "Laptop","cantidad": 222,"direccion": "casa 134"}
{"producto": "Laptop","cantidad": 2,"direccion": "casa 123"}
{"producto": "Manzana","cantidad": 2,"direccion": "casa 134"}
{"producto": "Laptop","cantidad": 23,"direccion": "casa 134"}
{"producto": "Laptop","cantidad": 4,"direccion": "ascasa 134asdfa"}
{"producto": "Laptop","cantidad": 5,"direccion": "casa 134"}
{"producto": "Laptop","cantidad": 20,"direccion": "casa 134"}
{"producto": "Laptop","cantidad": 21,"direccion": "casa 134"}
{"producto": "Laptop","cantidad": 222,"direccion": "casa 134"}
{"producto": "Laptop","cantidad": 2,"direccion": "casa 123"}
{"producto": "Manzana","cantidad": 2,"direccion": "casa 134"}
{"producto": "Laptop","cantidad": 23,"direccion": "casa 134"}
{"producto": "Laptop","cantidad": 4,"direccion": "ascasa 134asdfa"}
{"producto": "Laptop","cantidad": 5,"direccion": "casa 134"}
{"producto": "Laptop","cantidad": 20,"direccion": "casa 134"}
{"producto": "Laptop","cantidad": 21,"direccion": "casa 134"}
{"producto": "Laptop","cantidad": 222,"direccion": "casa 134"}
{"producto": "Laptop","cantidad": 2,"direccion": "casa 123"}
{"producto": "Manzana","cantidad": 2,"direccion": "casa 134"}
{"producto": "Laptop","cantidad": 23,"direccion": "casa 134"}
{"producto": "Laptop","cantidad": 4,"direccion": "ascasa 134asdfa"}
{"producto": "Laptop","cantidad": 5,"direccion": "casa 134"}
{"producto": "Laptop","cantidad": 20,"direccion": "casa 134"}
{"producto": "Laptop","cantidad": 21,"direccion": "casa 134"}
{"producto": "Laptop","cantidad": 222,"direccion": "casa 134"}
{"producto": "Laptop","cantidad": 2,"direccion": "casa 123"}
{"producto": "Manzana","cantidad": 2,"direccion": "casa 134"}
{"producto": "Laptop","cantidad": 23,"direccion": "casa 134"}
{"producto": "Laptop","cantidad": 4,"direccion": "ascasa 134asdfa"}
{"producto": "Laptop","cantidad": 5,"direccion": "casa 134"}
{"producto": "Laptop","cantidad": 20,"direccion": "casa 134"}
{"producto": "Laptop","cantidad": 21,"direccion": "casa 134"}
{"producto": "Laptop","cantidad": 222,"direccion": "casa 134"}
{"producto": "Laptop","cantidad": 2,"direccion": "casa 123"}
{"producto": "Manzana","cantidad": 2,"direccion": "casa 134"}
{"producto": "Laptop","cantidad": 23,"direccion": "casa 134"}
{"producto": "Laptop","cantidad": 4,"direccion": "ascasa 134asdfa"}
{"producto": "Laptop","cantidad": 5,"direccion": "casa 134"}
{"producto": "Laptop","cantidad": 20,"direccion": "casa 134"}
{"producto": "Laptop","cantidad": 21,"direccion": "casa 134"}
{"producto": "Laptop","cantidad": 222,"direccion": "casa 134"}
{"producto": "Laptop","cantidad": 2,"direccion": "casa 123"}
{"producto": "Manzana","cantidad": 2,"direccion": "casa 134"}
{"producto": "Laptop","cantidad": 23,"direccion": "casa 134"}
{"producto": "Laptop","cantidad": 4,"direccion": "ascasa 134asdfa"}
{"producto": "Laptop","cantidad": 5,"direccion": "casa 134"}
{"producto": "Laptop","cantidad": 20,"direccion": "casa 134"}
{"producto": "Laptop","cantidad": 21,"direccion": "casa 134"}
{"producto": "Laptop","cantidad": 222,"direccion": "casa 134"}
{"producto": "Laptop","cantidad": 2,"direccion": "casa 123"}
{"producto": "Manzana","cantidad": 2,"direccion": "casa 134"}
{"producto": "Laptop","cantidad": 23,"direccion": "casa 134"}
{"producto": "Laptop","cantidad": 4,"direccion": "ascasa 134asdfa"}
{"producto": "Laptop","cantidad": 5,"direccion": "casa 134"}
{"producto": "Laptop","cantidad": 20,"direccion": "casa 134"}
{"producto": "Laptop","cantidad": 21,"direccion": "casa 134"}
{"producto": "Laptop","cantidad": 222,"direccion": "casa 134"}
{"producto": "Laptop","cantidad": 2,"direccion": "casa 123"}
{"producto": "Manzana","cantidad": 2,"direccion": "casa 134"}
{"producto": "Laptop","cantidad": 23,"direccion": "casa 134"}
{"producto": "Laptop","cantidad": 4,"direccion": "ascasa 134asdfa"}
{"producto": "Laptop","cantidad": 5,"direccion": "casa 134"}
{"producto": "Laptop","cantidad": 20,"direccion": "casa 134"}
{"producto": "Laptop","cantidad": 21,"direccion": "casa 134"}
{"producto": "Laptop","cantidad": 222,"direccion": "casa 134"}
{"producto": "Laptop","cantidad": 2,"direccion": "casa 123"}
{"producto": "Manzana","cantidad": 2,"direccion": "casa 134"}
{"producto": "Laptop","cantidad": 23,"direccion": "casa 134"}
{"producto": "Laptop","cantidad": 4,"direccion": "ascasa 134asdfa"}
{"producto": "Laptop","cantidad": 5,"direccion": "casa 134"}
{"producto": "Laptop","cantidad": 20,"direccion": "casa 134"}
{"producto": "Laptop","cantidad": 21,"direccion": "casa 134"}
{"producto": "Laptop","cantidad": 222,"direccion": "casa 134"}
{"producto": "Laptop","cantidad": 2,"direccion": "casa 123"}
{"producto": "Manzana","cantidad": 2,"direccion": "casa 134"}
{"producto": "Laptop","cantidad": 23,"direccion": "casa 134"}
{"producto": "Laptop","cantidad": 4,"direccion": "ascasa 134asdfa"}
{"producto": "Laptop","cantidad": 5,"direccion": "casa 134"}
{"producto": "Laptop","cantidad": 20,"direccion": "casa 134"}
{"producto": "Laptop","cantidad": 21,"direccion": "casa 134"}
{"producto": "Laptop","cantidad": 222,"direccion": "casa 134"}
{"producto": "Laptop","cantidad": 2,"direccion": "casa 123"}
{"producto": "Manzana","cantidad": 2,"direccion": "casa 134"}
{"producto": "Laptop","cantidad": 23,"direccion": "casa 134"}
{"producto": "Laptop","cantidad": 4,"direccion": "ascasa 134asdfa"}
{"producto": "Laptop","cantidad": 5,"direccion": "casa 134"}
{"producto": "Laptop","cantidad": 20,"direccion": "casa 134"}
{"producto": "Laptop","cantidad": 21,"direccion": "casa 134"}
{"producto": "Laptop","cantidad": 222,"direccion": "casa 134"}
{"producto": "Laptop","cantidad": 2,"direccion": "casa 123"}
{"producto": "Manzana","cantidad": 2,"direccion": "casa 134"}
{"producto": "Laptop","cantidad": 23,"direccion": "casa 134"}
{"producto": "Laptop","cantidad": 4,"direccion": "ascasa 134asdfa"}
{"producto": "Laptop","cantidad": 5,"direccion": "casa 134"}
{"producto": "Laptop","cantidad": 20,"direccion": "casa 134"}
{"producto": "Laptop","cantidad": 21,"direccion": "casa 134"}
{"producto": "Laptop","cantidad": 222,"direccion": "casa 134"}
{"producto": "Laptop","cantidad": 2,"direccion": "casa 123"}
{"producto": "Manzana","cantidad": 2,"direccion": "casa 134"}
{"producto": "Laptop","cantidad": 23,"direccion": "casa 134"}
{"producto": "Laptop","cantidad": 4,"direccion": "ascasa 134asdfa"}
{"producto": "Laptop","cantidad": 5,"direccion": "casa 134"}
{"producto": "Laptop","cantidad": 20,"direccion": "casa 134"}
{"producto": "Laptop","cantidad": 21,"direccion": "casa 134"}
{"producto": "Laptop","cantidad": 222,"direccion": "casa 134"}
{"producto": "Laptop","cantidad": 2,"direccion": "casa 123"}
{"producto": "Manzana","cantidad": 2,"direccion": "casa 134"}
{"producto": "Laptop","cantidad": 23,"direccion": "casa 134"}
{"producto": "Laptop","cantidad": 4,"direccion": "ascasa 134asdfa"}
{"producto": "Laptop","cantidad": 5,"direccion": "casa 134"}
{"producto": "Laptop","cantidad": 20,"direccion": "casa 134"}
{"producto": "Laptop","cantidad": 21,"direccion": "casa 134"}
{"producto": "Laptop","cantidad": 222,"direccion": "casa 134"}
{"producto": "Laptop","cantidad": 2,"direccion": "casa 123"}
{"producto": "Manzana","cantidad": 2,"direccion": "casa 134"}
{"producto": "Laptop","cantidad": 23,"direccion": "casa 134"}
{"producto": "Laptop","cantidad": 4,"direccion": "ascasa 134asdfa"}
{"producto": "Laptop","cantidad": 5,"direccion": "casa 134"}
{"producto": "Laptop","cantidad": 20,"direccion": "casa 134"}
{"producto": "Laptop","cantidad": 21,"direccion": "casa 134"}
{"producto": "Laptop","cantidad": 222,"direccion": "casa 134"}
{"producto": "Laptop","cantidad": 2,"direccion": "casa 123"}
{"producto": "Manzana","cantidad": 2,"direccion": "casa 134"}
{"producto": "Laptop","cantidad": 23,"direccion": "casa 134"}
{"producto": "Laptop","cantidad": 4,"direccion": "ascasa 134asdfa"}
{"producto": "Laptop","cantidad": 5,"direccion": "casa 134"}
{"producto": "Laptop","cantidad": 20,"direccion": "casa 134"}
{"producto": "Laptop","cantidad": 21,"direccion": "casa 134"}
{"producto": "Laptop","cantidad": 222,"direccion": "casa 134"}
{"producto": "Laptop","cantidad": 2,"direccion": "casa 123"}
{"producto": "Manzana","cantidad": 2,"direccion": "casa 134"}
{"producto": "Laptop","cantidad": 23,"direccion": "casa 134"}
{"producto": "Laptop","cantidad": 4,"direccion": "ascasa 134asdfa"}
{"producto": "Laptop","cantidad": 5,"direccion": "casa 134"}
{"producto": "Laptop","cantidad": 20,"direccion": "casa 134"}
{"producto": "Laptop","cantidad": 21,"direccion": "casa 134"}
{"producto": "Laptop","cantidad": 222,"direccion": "casa 134"}
{"producto": "Laptop","cantidad": 2,"direccion": "casa 123"}
{"producto": "Manzana","cantidad": 2,"direccion": "casa 134"}
{"producto": "Laptop","cantidad": 23,"direccion": "casa 134"}
{"producto": "Laptop","cantidad": 4,"direccion": "ascasa 134asdfa"}
{"producto": "Laptop","cantidad": 5,"direccion": "casa 134"}
{"producto": "Laptop","cantidad": 20,"direccion": "casa 134"}
{"producto": "Laptop","cantidad": 21,"direccion": "casa 134"}
{"producto": "Laptop","cantidad": 222,"direccion": "casa 134"}
{"producto": "Laptop","cantidad": 2,"direccion": "casa 123"}
{"producto": "Manzana","cantidad": 2,"direccion": "casa 134"}
{"producto": "Laptop","cantidad": 23,"direccion": "casa 134"}
{"producto": "Laptop","cantidad": 4,"direccion": "ascasa 134asdfa"}
{"producto": "Laptop","cantidad": 5,"direccion": "casa 134"}
{"producto": "Laptop","cantidad": 20,"direccion": "casa 134"}
{"producto": "Laptop","cantidad": 21,"direccion": "casa 134"}
{"producto": "Laptop","cantidad": 222,"direccion": "casa 134"}
{"producto": "Laptop","cantidad": 2,"direccion": "casa 123"}
{"producto": "Manzana","cantidad": 2,"direccion": "casa 134"}
{"producto": "Laptop","cantidad": 23,"direccion": "casa 134"}
{"producto": "Laptop","cantidad": 4,"direccion": "ascasa 134asdfa"}
{"producto": "Laptop","cantidad": 5,"direccion": "casa 134"}
{"producto": "Laptop","cantidad": 20,"direccion": "casa 134"}
{"producto": "Laptop","cantidad": 21,"direccion": "casa 134"}
{"producto": "Laptop","cantidad": 222,"direccion": "casa 134"}
{"producto": "Laptop","cantidad": 2,"direccion": "casa 123"}
{"producto": "Manzana","cantidad": 2,"direccion": "casa 134"}
{"producto": "Laptop","cantidad": 23,"direccion": "casa 134"}
{"producto": "Laptop","cantidad": 4,"direccion": "ascasa 134asdfa"}
{"producto": "Laptop","cantidad": 5,"direccion": "casa 134"}
{"producto": "Laptop","cantidad": 20,"direccion": "casa 134"}
{"producto": "Laptop","cantidad": 21,"direccion": "casa 134"}
{"producto": "Laptop","cantidad": 222,"direccion": "casa 134"}
{"producto": "Laptop","cantidad": 2,"direccion": "casa 123"}
{"producto": "Manzana","cantidad": 2,"direccion": "casa 134"}
{"producto": "Laptop","cantidad": 23,"direccion": "casa 134"}
{"producto": "Laptop","cantidad": 4,"direccion": "ascasa 134asdfa"}
{"producto": "Laptop","cantidad": 5,"direccion": "casa 134"}
{"producto": "Laptop","cantidad": 20,"direccion": "casa 134"}
{"producto": "Laptop","cantidad": 21,"direccion": "casa 134"}
{"producto": "Laptop","cantidad": 222,"direccion": "casa 134"}
{"producto": "Laptop","cantidad": 2,"direccion": "casa 123"}
{"producto": "Manzana","cantidad": 2,"direccion": "casa 134"}
{"producto": "Laptop","cantidad": 23,"direccion": "casa 134"}
{"producto": "Laptop","cantidad": 4,"direccion": "ascasa 134asdfa"}
{"producto": "Laptop","cantidad": 5,"direccion": "casa 134"}
{"producto": "Laptop","cantidad": 20,"direccion": "casa 134"}
{"producto": "Laptop","cantidad": 21,"direccion": "casa 134"}
{"producto": "Laptop","cantidad": 222,"direccion": "casa 134"}
{"producto": "Laptop","cantidad": 2,"direccion": "casa 123"}
{"producto": "Manzana","cantidad": 2,"direccion": "casa 134"}
{"producto": "Laptop","cantidad": 23,"direccion": "casa 134"}
{"producto": "Laptop","cantidad": 4,"direccion": "ascasa 134asdfa"}
{"producto": "Laptop","cantidad": 5,"direccion": "casa 134"}
{"producto": "Laptop","cantidad": 20,"direccion": "casa 134"}
{"producto": "Laptop","cantidad": 21,"direccion": "casa 134"}
{"producto": "Laptop","cantidad": 222,"direccion": "casa 134"}
{"producto": "Laptop","cantidad": 2,"direccion": "casa 123"}
{"producto": "Manzana","cantidad": 2,"direccion": "casa 134"}
{"producto": "Laptop","cantidad": 23,"direccion": "casa 134"}
{"producto": "Laptop","cantidad": 4,"direccion": "ascasa 134asdfa"}
{"producto": "Laptop","cantidad": 5,"direccion": "casa 134"}
{"producto": "Laptop","cantidad": 20,"direccion": "casa 134"}
{"producto": "Laptop","cantidad": 21,"direccion": "casa 134"}
{"producto": "Laptop","cantidad": 222,"direccion": "casa 134"}
{"producto": "Laptop","cantidad": 2,"direccion": "casa 123"}
{"producto": "Manzana","cantidad": 2,"direccion": "casa 134"}
{"producto": "Laptop","cantidad": 23,"direccion": "casa 134"}
{"producto": "Laptop","cantidad": 4,"direccion": "ascasa 134asdfa"}
{"producto": "Laptop","cantidad": 5,"direccion": "casa 134"}
{"producto": "Laptop","cantidad": 20,"direccion": "casa 134"}
{"producto": "Laptop","cantidad": 21,"direccion": "casa 134"}
{"producto": "Laptop","cantidad": 222,"direccion": "casa 134"}
{"producto": "Laptop","cantidad": 2,"direccion": "casa 123"}
{"producto": "Manzana","cantidad": 2,"direccion": "casa 134"}
{"producto": "Laptop","cantidad": 23,"direccion": "casa 134"}
{"producto": "Laptop","cantidad": 4,"direccion": "ascasa 134asdfa"}
{"producto": "Laptop","cantidad": 5,"direccion": "casa 134"}
{"producto": "Laptop","cantidad": 20,"direccion": "casa 134"}
{"producto": "Laptop","cantidad": 21,"direccion": "casa 134"}
{"producto": "Laptop","cantidad": 222,"direccion": "casa 134"}
{"producto": "Laptop","cantidad": 2,"direccion": "casa 123"}
{"producto": "Manzana","cantidad": 2,"direccion": "casa 134"}
{"producto": "Laptop","cantidad": 23,"direccion": "casa 134"}
{"producto": "Laptop","cantidad": 4,"direccion": "ascasa 134asdfa"}
{"producto": "Laptop","cantidad": 5,"direccion": "casa 134"}
{"producto": "Laptop","cantidad": 20,"direccion": "casa 134"}
{"producto": "Laptop","cantidad": 21,"direccion": "casa 134"}
{"producto": "Laptop","cantidad": 222,"direccion": "casa 134"}
{"producto": "Laptop","cantidad": 2,"direccion": "casa 123"}
{"producto": "Manzana","cantidad": 2,"direccion": "casa 134"}
{"producto": "Laptop","cantidad": 23,"direccion": "casa 134"}
{"producto": "Laptop","cantidad": 4,"direccion": "ascasa 134asdfa"}
{"producto": "Laptop","cantidad": 5,"direccion": "casa 134"}
{"producto": "Laptop","cantidad": 20,"direccion": "casa 134"}
{"producto": "Laptop","cantidad": 21,"direccion": "casa 134"}
{"producto": "Laptop","cantidad": 222,"direccion": "casa 134"}
{"producto": "Laptop","cantidad": 2,"direccion": "casa 123"}
{"producto": "Manzana","cantidad": 2,"direccion": "casa 134"}
{"producto": "Laptop","cantidad": 23,"direccion": "casa 134"}
{"producto": "Laptop","cantidad": 4,"direccion": "ascasa 134asdfa"}
{"producto": "Laptop","cantidad": 5,"direccion": "casa 134"}
{"producto": "Laptop","cantidad": 20,"direccion": "casa 134"}
{"producto": "Laptop","cantidad": 21,"direccion": "casa 134"}
{"producto": "Laptop","cantidad": 222,"direccion": "casa 134"}
{"producto": "Laptop","cantidad": 2,"direccion": "casa 123"}
{"producto": "Manzana","cantidad": 2,"direccion": "casa 134"}
{"producto": "Laptop","cantidad": 23,"direccion": "casa 134"}
{"producto": "Laptop","cantidad": 4,"direccion": "ascasa 134asdfa"}
{"producto": "Laptop","cantidad": 5,"direccion": "casa 134"}
{"producto": "Laptop","cantidad": 20,"direccion": "casa 134"}
{"producto": "Laptop","cantidad": 21,"direccion": "casa 134"}
{"producto": "Laptop","cantidad": 222,"direccion": "casa 134"}
{"producto": "Laptop","cantidad": 2,"direccion": "casa 123"}
{"producto": "Manzana","cantidad": 2,"direccion": "casa 134"}
{"producto": "Laptop","cantidad": 23,"direccion": "casa 134"}
{"producto": "Laptop","cantidad": 4,"direccion": "ascasa 134asdfa"}
{"producto": "Laptop","cantidad": 5,"direccion": "casa 134"}
{"producto": "Laptop","cantidad": 20,"direccion": "casa 134"}
{"producto": "Laptop","cantidad": 21,"direccion": "casa 134"}
{"producto": "Laptop","cantidad": 222,"direccion": "casa 134"}
{"producto": "Laptop","cantidad": 2,"direccion": "casa 123"}
{"producto": "Manzana","cantidad": 2,"direccion": "casa 134"}
{"producto": "Laptop","cantidad": 23,"direccion": "casa 134"}
{"producto": "Laptop","cantidad": 4,"direccion": "ascasa 134asdfa"}
{"producto": "Laptop","cantidad": 5,"direccion": "casa 134"}
{"producto": "Laptop","cantidad": 20,"direccion": "casa 134"}
{"producto": "Laptop","cantidad": 21,"direccion": "casa 134"}
{"producto": "Laptop","cantidad": 222,"direccion": "casa 134"}
{"producto": "Laptop","cantidad": 2,"direccion": "casa 123"}
{"producto": "Manzana","cantidad": 2,"direccion": "casa 134"}
{"producto": "Laptop","cantidad": 23,"direccion": "casa 134"}
{"producto": "Laptop","cantidad": 4,"direccion": "ascasa 134asdfa"}
{"producto": "Laptop","cantidad": 5,"direccion": "casa 134"}
{"producto": "Laptop","cantidad": 20,"direccion": "casa 134"}
{"producto": "Laptop","cantidad": 21,"direccion": "casa 134"}
{"producto": "Laptop","cantidad": 222,"direccion": "casa 134"}
{"producto": "Laptop","cantidad": 2,"direccion": "casa 123"}
{"producto": "Manzana","cantidad": 2,"direccion": "casa 134"}
{"producto": "Laptop","cantidad": 23,"direccion": "casa 134"}
{"producto": "Laptop","cantidad": 4,"direccion": "ascasa 134asdfa"}
{"producto": "Laptop","cantidad": 5,"direccion": "casa 134"}
{"producto": "Laptop","cantidad": 20,"direccion": "casa 134"}
{"producto": "Laptop","cantidad": 21,"direccion": "casa 134"}
{"producto": "Laptop","cantidad": 222,"direccion": "casa 134"}
{"producto": "Laptop","cantidad": 2,"direccion": "casa 123"}
{"producto": "Manzana","cantidad": 2,"direccion": "casa 134"}
{"producto": "Laptop","cantidad": 23,"direccion": "casa 134"}
{"producto": "Laptop","cantidad": 4,"direccion": "ascasa 134asdfa"}
{"producto": "Laptop","cantidad": 5,"direccion": "casa 134"}
{"producto": "Laptop","cantidad": 20,"direccion": "casa 134"}
{"producto": "Laptop","cantidad": 21,"direccion": "casa 134"}
{"producto": "Laptop","cantidad": 222,"direccion": "casa 134"}
{"producto": "Laptop","cantidad": 2,"direccion": "casa 123"}
{"producto": "Manzana","cantidad": 2,"direccion": "casa 134"}
{"producto": "Laptop","cantidad": 23,"direccion": "casa 134"}
{"producto": "Laptop","cantidad": 4,"direccion": "ascasa 134asdfa"}
{"producto": "Laptop","cantidad": 5,"direccion": "casa 134"}
{"producto": "Laptop","cantidad": 20,"direccion": "casa 134"}
{"producto": "Laptop","cantidad": 21,"direccion": "casa 134"}
{"producto": "Laptop","cantidad": 222,"direccion": "casa 134"}
{"producto": "Laptop","cantidad": 2,"direccion": "casa 123"}
{"producto": "Manzana","cantidad": 2,"direccion": "casa 134"}
{"producto": "Laptop","cantidad": 23,"direccion": "casa 134"}
{"producto": "Laptop","cantidad": 4,"direccion": "ascasa 134asdfa"}
{"producto": "Laptop","cantidad": 5,"direccion": "casa 134"}
{"producto": "Laptop","cantidad": 20,"direccion": "casa 134"}
{"producto": "Laptop","cantidad": 21,"direccion": "casa 134"}
{"producto": "Laptop","cantidad": 222,"direccion": "casa 134"}
{"producto": "Laptop","cantidad": 2,"direccion": "casa 123"}
{"producto": "Manzana","cantidad": 2,"direccion": "casa 134"}
{"producto": "Laptop","cantidad": 23,"direccion": "casa 134"}
{"producto": "Laptop","cantidad": 4,"direccion": "ascasa 134asdfa"}
{"producto": "Laptop","cantidad": 5,"direccion": "casa 134"}
{"producto": "Laptop","cantidad": 20,"direccion": "casa 134"}
{"producto": "Laptop","cantidad": 21,"direccion": "casa 134"}
{"producto": "Laptop","cantidad": 222,"direccion": "casa 134"}
{"producto": "Laptop","cantidad": 2,"direccion": "casa 123"}
{"producto": "Manzana","cantidad": 2,"direccion": "casa 134"}
{"producto": "Laptop","cantidad": 23,"direccion": "casa 134"}
{"producto": "Laptop","cantidad": 4,"direccion": "ascasa 134asdfa"}
{"producto": "Laptop","cantidad": 5,"direccion": "casa 134"}
{"producto": "Laptop","cantidad": 20,"direccion": "casa 134"}
{"producto": "Laptop","cantidad": 21,"direccion": "casa 134"}
{"producto": "Laptop","cantidad": 222,"direccion": "casa 134"}
{"producto": "Laptop","cantidad": 2,"direccion": "casa 123"}
{"producto": "Manzana","cantidad": 2,"direccion": "casa 134"}
{"producto": "Laptop","cantidad": 23,"direccion": "casa 134"}
{"producto": "Laptop","cantidad": 4,"direccion": "ascasa 134asdfa"}
{"producto": "Laptop","cantidad": 5,"direccion": "casa 134"}
{"producto": "Laptop","cantidad": 20,"direccion": "casa 134"}
{"producto": "Laptop","cantidad": 21,"direccion": "casa 134"}
{"producto": "Laptop","cantidad": 222,"direccion": "casa 134"}
{"producto": "Laptop","cantidad": 2,"direccion": "casa 123"}
{"producto": "Manzana","cantidad": 2,"direccion": "casa 134"}
{"producto": "Laptop","cantidad": 23,"direccion": "casa 134"}
{"producto": "Laptop","cantidad": 4,"direccion": "ascasa 134asdfa"}
{"producto": "Laptop","cantidad": 5,"direccion": "casa 134"}
{"producto": "Laptop","cantidad": 20,"direccion": "casa 134"}
{"producto": "Laptop","cantidad": 21,"direccion": "casa 134"}
{"producto": "Laptop","cantidad": 222,"direccion": "casa 134"}
{"producto": "Laptop","cantidad": 2,"direccion": "casa 123"}
{"producto": "Manzana","cantidad": 2,"direccion": "casa 134"}
{"producto": "Laptop","cantidad": 23,"direccion": "casa 134"}
{"producto": "Laptop","cantidad": 4,"direccion": "ascasa 134asdfa"}
{"producto": "Laptop","cantidad": 5,"direccion": "casa 134"}
{"producto": "Laptop","cantidad": 20,"direccion": "casa 134"}
{"producto": "Laptop","cantidad": 21,"direccion": "casa 134"}
{"producto": "Laptop","cantidad": 222,"direccion": "casa 134"}
{"producto": "Laptop","cantidad": 2,"direccion": "casa 123"}
{"producto": "Manzana","cantidad": 2,"direccion": "casa 134"}
{"producto": "Laptop","cantidad": 23,"direccion": "casa 134"}
{"producto": "Laptop","cantidad": 4,"direccion": "ascasa 134asdfa"}
{"producto": "Laptop","cantidad": 5,"direccion": "casa 134"}
{"producto": "Laptop","cantidad": 20,"direccion": "casa 134"}
{"producto": "Laptop","cantidad": 21,"direccion": "casa 134"}
{"producto": "Laptop","cantidad": 222,"direccion": "casa 134"}
{"producto": "Laptop","cantidad": 2,"direccion": "casa 123"}
{"producto": "Manzana","cantidad": 2,"direccion": "casa 134"}
{"producto": "Laptop","cantidad": 23,"direccion": "casa 134"}
{"producto": "Laptop","cantidad": 4,"direccion": "ascasa 134asdfa"}
{"producto": "Laptop","cantidad": 5,"direccion": "casa 134"}
{"producto": "Laptop","cantidad": 20,"direccion": "casa 134"}
{"producto": "Laptop","cantidad": 21,"direccion": "casa 134"}
{"producto": "Laptop","cantidad": 222,"direccion": "casa 134"}
{"producto": "Laptop","cantidad": 2,"direccion": "casa 123"}
{"producto": "Manzana","cantidad": 2,"direccion": "casa 134"}
{"producto": "Laptop","cantidad": 23,"direccion": "casa 134"}
{"producto": "Laptop","cantidad": 4,"direccion": "ascasa 134asdfa"}
{"producto": "Laptop","cantidad": 5,"direccion": "casa 134"}
{"producto": "Laptop","cantidad": 20,"direccion": "casa 134"}
{"producto": "Laptop","cantidad": 21,"direccion": "casa 134"}
{"producto": "Laptop","cantidad": 222,"direccion": "casa 134"}
{"producto": "Laptop","cantidad": 2,"direccion": "casa 123"}
{"producto": "Manzana","cantidad": 2,"direccion": "casa 134"}
{"producto": "Laptop","cantidad": 23,"direccion": "casa 134"}
{"producto": "Laptop","cantidad": 4,"direccion": "ascasa 134asdfa"}
{"producto": "Laptop","cantidad": 5,"direccion": "casa 134"}
{"producto": "Laptop","cantidad": 20,"direccion": "casa 134"}
{"producto": "Laptop","cantidad": 21,"direccion": "casa 134"}
{"producto": "Laptop","cantidad": 222,"direccion": "casa 134"}
{"producto": "Laptop","cantidad": 2,"direccion": "casa 123"}
{"producto": "Manzana","cantidad": 2,"direccion": "casa 134"}
{"producto": "Laptop","cantidad": 23,"direccion": "casa 134"}
{"producto": "Laptop","cantidad": 4,"direccion": "ascasa 134asdfa"}
{"producto": "Laptop","cantidad": 5,"direccion": "casa 134"}
{"producto": "Laptop","cantidad": 20,"direccion": "casa 134"}
{"producto": "Laptop","cantidad": 21,"direccion": "casa 134"}
{"producto": "Laptop","cantidad": 222,"direccion": "casa 134"}
{"producto": "Laptop","cantidad": 2,"direccion": "casa 123"}
{"producto": "Manzana","cantidad": 2,"direccion": "casa 134"}
{"producto": "Laptop","cantidad": 23,"direccion": "casa 134"}
{"producto": "Laptop","cantidad": 4,"direccion": "ascasa 134asdfa"}
{"producto": "Laptop","cantidad": 5,"direccion": "casa 134"}
{"producto": "Laptop","cantidad": 20,"direccion": "casa 134"}
{"producto": "Laptop","cantidad": 21,"direccion": "casa 134"}
{"producto": "Laptop","cantidad": 222,"direccion": "casa 134"}
{"producto": "Laptop","cantidad": 2,"direccion": "casa 123"}
{"producto": "Manzana","cantidad": 2,"direccion": "casa 134"}
{"producto": "Laptop","cantidad": 23,"direccion": "casa 134"}
{"producto": "Laptop","cantidad": 4,"direccion": "ascasa 134asdfa"}
{"producto": "Laptop","cantidad": 5,"direccion": "casa 134"}
{"producto": "Laptop","cantidad": 20,"direccion": "casa 134"}
{"producto": "Laptop","cantidad": 21,"direccion": "casa 134"}
{"producto": "Laptop","cantidad": 222,"direccion": "casa 134"}
{"producto": "Laptop","cantidad": 2,"direccion": "casa 123"}
{"producto": "Manzana","cantidad": 2,"direccion": "casa 134"}
{"producto": "Laptop","cantidad": 23,"direccion": "casa 134"}
{"producto": "Laptop","cantidad": 4,"direccion": "ascasa 134asdfa"}
{"producto": "Laptop","cantidad": 5,"direccion": "casa 134"}
{"producto": "Laptop","cantidad": 20,"direccion": "casa 134"}
{"producto": "Laptop","cantidad": 21,"direccion": "casa 134"}
{"producto": "Laptop","cantidad": 222,"direccion": "casa 134"}
{"producto": "Laptop","cantidad": 2,"direccion": "casa 123"}
{"producto": "Manzana","cantidad": 2,"direccion": "casa 134"}
{"producto": "Laptop","cantidad": 23,"direccion": "casa 134"}
{"producto": "Laptop","cantidad": 4,"direccion": "ascasa 134asdfa"}
{"producto": "Laptop","cantidad": 5,"direccion": "casa 134"}
{"producto": "Laptop","cantidad": 20,"direccion": "casa 134"}
{"producto": "Laptop","cantidad": 21,"direccion": "casa 134"}
{"producto": "Laptop","cantidad": 222,"direccion": "casa 134"}
{"producto": "Laptop","cantidad": 2,"direccion": "casa 123"}
{"producto": "Manzana","cantidad": 2,"direccion": "casa 134"}
{"producto": "Laptop","cantidad": 23,"direccion": "casa 134"}
{"producto": "Laptop","cantidad": 4,"direccion": "ascasa 134asdfa"}
{"producto": "Laptop","cantidad": 5,"direccion": "casa 134"}
{"producto": "Laptop","cantidad": 20,"direccion": "casa 134"}
{"producto": "Laptop","cantidad": 21,"direccion": "casa 134"}
{"producto": "Laptop","cantidad": 222,"direccion": "casa 134"}
{"producto": "Laptop","cantidad": 2,"direccion": "casa 123"}
{"producto": "Manzana","cantidad": 2,"direccion": "casa 134"}
{"producto": "Laptop","cantidad": 23,"direccion": "casa 134"}
{"producto": "Laptop","cantidad": 4,"direccion": "ascasa 134asdfa"}
{"producto": "Laptop","cantidad": 5,"direccion": "casa 134"}
{"producto": "Laptop","cantidad": 20,"direccion": "casa 134"}
{"producto": "Laptop","cantidad": 21,"direccion": "casa 134"}
{"producto": "Laptop","cantidad": 222,"direccion": "casa 134"}
{"producto": "Laptop","cantidad": 2,"direccion": "casa 123"}
{"producto": "Manzana","cantidad": 2,"direccion": "casa 134"}
{"producto": "Laptop","cantidad": 23,"direccion": "casa 134"}
{"producto": "Laptop","cantidad": 4,"direccion": "ascasa 134asdfa"}
{"producto": "Laptop","cantidad": 5,"direccion": "casa 134"}
{"producto": "Laptop","cantidad": 20,"direccion": "casa 134"}
{"producto": "Laptop","cantidad": 21,"direccion": "casa 134"}
{"producto": "Laptop","cantidad": 222,"direccion": "casa 134"}
{"producto": "Laptop","cantidad": 2,"direccion": "casa 123"}
{"producto": "Manzana","cantidad": 2,"direccion": "casa 134"}
{"producto": "Laptop","cantidad": 23,"direccion": "casa 134"}
{"producto": "Laptop","cantidad": 4,"direccion": "ascasa 134asdfa"}
{"producto": "Laptop","cantidad": 5,"direccion": "casa 134"}
{"producto": "Laptop","cantidad": 20,"direccion": "casa 134"}
{"producto": "Laptop","cantidad": 21,"direccion": "casa 134"}
{"producto": "Laptop","cantidad": 222,"direccion": "casa 134"}
{"producto": "Laptop","cantidad": 2,"direccion": "casa 123"}
{"producto": "Manzana","cantidad": 2,"direccion": "casa 134"}
{"producto": "Laptop","cantidad": 23,"direccion": "casa 134"}
{"producto": "Laptop","cantidad": 4,"direccion": "ascasa 134asdfa"}
{"producto": "Laptop","cantidad": 5,"direccion": "casa 134"}
{"producto": "Laptop","cantidad": 20,"direccion": "casa 134"}
{"producto": "Laptop","cantidad": 21,"direccion": "casa 134"}
{"producto": "Laptop","cantidad": 222,"direccion": "casa 134"}
{"producto": "Laptop","cantidad": 2,"direccion": "casa 123"}
{"producto": "Manzana","cantidad": 2,"direccion": "casa 134"}
{"producto": "Laptop","cantidad": 23,"direccion": "casa 134"}
{"producto": "Laptop","cantidad": 4,"direccion": "ascasa 134asdfa"}
{"producto": "Laptop","cantidad": 5,"direccion": "casa 134"}
{"producto": "Laptop","cantidad": 20,"direccion": "casa 134"}
{"producto": "Laptop","cantidad": 21,"direccion": "casa 134"}
{"producto": "Laptop","cantidad": 222,"direccion": "casa 134"}
{"producto": "Laptop","cantidad": 2,"direccion": "casa 123"}
{"producto": "Manzana","cantidad": 2,"direccion": "casa 134"}
{"producto": "Laptop","cantidad": 23,"direccion": "casa 134"}
{"producto": "Laptop","cantidad": 4,"direccion": "ascasa 134asdfa"}
{"producto": "Laptop","cantidad": 5,"direccion": "casa 134"}
{"producto": "Laptop","cantidad": 20,"direccion": "casa 134"}
{"producto": "Laptop","cantidad": 21,"direccion": "casa 134"}
{"producto": "Laptop","cantidad": 222,"direccion": "casa 134"}
{"producto": "Laptop","cantidad": 2,"direccion": "casa 123"}
{"producto": "Manzana","cantidad": 2,"direccion": "casa 134"}
{"producto": "Laptop","cantidad": 23,"direccion": "casa 134"}
{"producto": "Laptop","cantidad": 4,"direccion": "ascasa 134asdfa"}
{"producto": "Laptop","cantidad": 5,"direccion": "casa 134"}
{"producto": "Laptop","cantidad": 20,"direccion": "casa 134"}
{"producto": "Laptop","cantidad": 21,"direccion": "casa 134"}
{"producto": "Laptop","cantidad": 222,"direccion": "casa 134"}
{"producto": "Laptop","cantidad": 2,"direccion": "casa 123"}
{"producto": "Manzana","cantidad": 2,"direccion": "casa 134"}
{"producto": "Laptop","cantidad": 23,"direccion": "casa 134"}
{"producto": "Laptop","cantidad": 4,"direccion": "ascasa 134asdfa"}
{"producto": "Laptop","cantidad": 5,"direccion": "casa 134"}
{"producto": "Laptop","cantidad": 20,"direccion": "casa 134"}
{"producto": "Laptop","cantidad": 21,"direccion": "casa 134"}
{"producto": "Laptop","cantidad": 222,"direccion": "casa 134"}
{"producto": "Laptop","cantidad": 2,"direccion": "casa 123"}
{"producto": "Manzana","cantidad": 2,"direccion": "casa 134"}
{"producto": "Laptop","cantidad": 23,"direccion": "casa 134"}
{"producto": "Laptop","cantidad": 4,"direccion": "ascasa 134asdfa"}
{"producto": "Laptop","cantidad": 5,"direccion": "casa 134"}
{"producto": "Laptop","cantidad": 20,"direccion": "casa 134"}
{"producto": "Laptop","cantidad": 21,"direccion": "casa 134"}
{"producto": "Laptop","cantidad": 222,"direccion": "casa 134"}
{"producto": "Laptop","cantidad": 2,"direccion": "casa 123"}
{"producto": "Manzana","cantidad": 2,"direccion": "casa 134"}
{"producto": "Laptop","cantidad": 23,"direccion": "casa 134"}
{"producto": "Laptop","cantidad": 4,"direccion": "ascasa 134asdfa"}
{"producto": "Laptop","cantidad": 5,"direccion": "casa 134"}
{"producto": "Laptop","cantidad": 20,"direccion": "casa 134"}
{"producto": "Laptop","cantidad": 21,"direccion": "casa 134"}
{"producto": "Laptop","cantidad": 222,"direccion": "casa 134"}
{"producto": "Laptop","cantidad": 2,"direccion": "casa 123"}
{"producto": "Manzana","cantidad": 2,"direccion": "casa 134"}
{"producto": "Laptop","cantidad": 23,"direccion": "casa 134"}
{"producto": "Laptop","cantidad": 4,"direccion": "ascasa 134asdfa"}
{"producto": "Laptop","cantidad": 5,"direccion": "casa 134"}
{"producto": "Laptop","cantidad": 20,"direccion": "casa 134"}
{"producto": "Laptop","cantidad": 21,"direccion": "casa 134"}
{"producto": "Laptop","cantidad": 222,"direccion": "casa 134"}
{"producto": "Laptop","cantidad": 2,"direccion": "casa 123"}
{"producto": "Manzana","cantidad": 2,"direccion": "casa 134"}
{"producto": "Laptop","cantidad": 23,"direccion": "casa 134"}
{"producto": "Laptop","cantidad": 4,"direccion": "ascasa 134asdfa"}
{"producto": "Laptop","cantidad": 5,"direccion": "casa 134"}
{"producto": "Laptop","cantidad": 20,"direccion": "casa 134"}
{"producto": "Laptop","cantidad": 21,"direccion": "casa 134"}
{"producto": "Laptop","cantidad": 222,"direccion": "casa 134"}
{"producto": "Laptop","cantidad": 2,"direccion": "casa 123"}
{"producto": "Manzana","cantidad": 2,"direccion": "casa 134"}
{"producto": "Laptop","cantidad": 23,"direccion": "casa 134"}
{"producto": "Laptop","cantidad": 4,"direccion": "ascasa 134asdfa"}
{"producto": "Laptop","cantidad": 5,"direccion": "casa 134"}
{"producto": "Laptop","cantidad": 20,"direccion": "casa 134"}
{"producto": "Laptop","cantidad": 21,"direccion": "casa 134"}
{"producto": "Laptop","cantidad": 222,"direccion": "casa 134"}
{"producto": "Laptop","cantidad": 2,"direccion": "casa 123"}
{"producto": "Manzana","cantidad": 2,"direccion": "casa 134"}
{"producto": "Laptop","cantidad": 23,"direccion": "casa 134"}
{"producto": "Laptop","cantidad": 4,"direccion": "ascasa 134asdfa"}
{"producto": "Laptop","cantidad": 5,"direccion": "casa 134"}
{"producto": "Laptop","cantidad": 20,"direccion": "casa 134"}
{"producto": "Laptop","cantidad": 21,"direccion": "casa 134"}
{"producto": "Laptop","cantidad": 222,"direccion": "casa 134"}
{"producto": "Laptop","cantidad": 2,"direccion": "casa 123"}
{"producto": "Manzana","cantidad": 2,"direccion": "casa 134"}
{"producto": "Laptop","cantidad": 23,"direccion": "casa 134"}
{"producto": "Laptop","cantidad": 4,"direccion": "ascasa 134asdfa"}
{"producto": "Laptop","cantidad": 5,"direccion": "casa 134"}
{"producto": "Laptop","cantidad": 20,"direccion": "casa 134"}
{"producto": "Laptop","cantidad": 21,"direccion": "casa 134"}
{"producto": "Laptop","cantidad": 222,"direccion": "casa 134"}
{"producto": "Laptop","cantidad": 2,"direccion": "casa 123"}
{"producto": "Manzana","cantidad": 2,"direccion": "casa 134"}
{"producto": "Laptop","cantidad": 23,"direccion": "casa 134"}
{"producto": "Laptop","cantidad": 4,"direccion": "ascasa 134asdfa"}
{"producto": "Laptop","cantidad": 5,"direccion": "casa 134"}
{"producto": "Laptop","cantidad": 20,"direccion": "casa 134"}
{"producto": "Laptop","cantidad": 21,"direccion": "casa 134"}
{"producto": "Laptop","cantidad": 222,"direccion": "casa 134"}
{"producto": "Laptop","cantidad": 2,"direccion": "casa 123"}
{"producto": "Manzana","cantidad": 2,"direccion": "casa 134"}
{"producto": "Laptop","cantidad": 23,"direccion": "casa 134"}
{"producto": "Laptop","cantidad": 4,"direccion": "ascasa 134asdfa"}
{"producto": "Laptop","cantidad": 5,"direccion": "casa 134"}
{"producto": "Laptop","cantidad": 20,"direccion": "casa 134"}
{"producto": "Laptop","cantidad": 21,"direccion": "casa 134"}
{"producto": "Laptop","cantidad": 222,"direccion": "casa 134"}
{"producto": "Laptop","cantidad": 2,"direccion": "casa 123"}
{"producto": "Manzana","cantidad": 2,"direccion": "casa 134"}
{"producto": "Laptop","cantidad": 23,"direccion": "casa 134"}
{"producto": "Laptop","cantidad": 4,"direccion": "ascasa 134asdfa"}
{"producto": "Laptop","cantidad": 5,"direccion": "casa 134"}
{"producto": "Laptop","cantidad": 20,"direccion": "casa 134"}
{"producto": "Laptop","cantidad": 21,"direccion": "casa 134"}
{"producto": "Laptop","cantidad": 222,"direccion": "casa 134"}
{"producto": "Laptop","cantidad": 2,"direccion": "casa 123"}
{"producto": "Manzana","cantidad": 2,"direccion": "casa 134"}
{"producto": "Laptop","cantidad": 23,"direccion": "casa 134"}
{"producto": "Laptop","cantidad": 4,"direccion": "ascasa 134asdfa"}
{"producto": "Laptop","cantidad": 5,"direccion": "casa 134"}
{"producto": "Laptop","cantidad": 20,"direccion": "casa 134"}
{"producto": "Laptop","cantidad": 21,"direccion": "casa 134"}
{"producto": "Laptop","cantidad": 222,"direccion": "casa 134"}
{"producto": "Laptop","cantidad": 2,"direccion": "casa 123"}
{"producto": "Manzana","cantidad": 2,"direccion": "casa 134"}
{"producto": "Laptop","cantidad": 23,"direccion": "casa 134"}
{"producto": "Laptop","cantidad": 4,"direccion": "ascasa 134asdfa"}
{"producto": "Laptop","cantidad": 5,"direccion": "casa 134"}
{"producto": "Laptop","cantidad": 5,"direccion": "casa 134"}
{"producto": "Laptop","cantidad": 21000000,"direccion": "casa 134"}
{"cantidad": 2,"direccion": "asasdfa"}
{"producto": "Mouse","direccion": "asasdfa"}
{"producto": "Laptop","cantidad": 2}
{"producto": "Laptop","cantidad": 2}
{"producto": "Laptop","cantidad": 2}
{"producto": "Laptop","cantidad": 0,"direccion": "asasdfa"}
{"producto": "Laptop","cantidad": -2,"direccion": "asasdfa"}
{"producto": "Laptop","cantidad": -2,"direccion": "as"}
{}
